shot_id,scene_id,time_in,time_out,duration,frame_in,frame_out,frame_count,gauge_in,gauge_out,shot_type,lens,characters,action,character_state,character_position,prop_state,camera_intention,sound,dialogue,continuity_notes,transition_out
SC01_SH001,SC01,00:00.000,00:05.500,5.5,1,132,132,,,extreme macro,100mm macro,WICK (part),"Extreme macro. A brass winding key seated in a back plate. It turns - once, twice, three times. On the fourth turn the ratchet slips and the key overshoots with no bite.",off-frame; only her back plate and the key are visible,"back plate filling frame, key at centre","key: engaged, slipping on the fourth turn","Locked-off macro, ~100mm, razor-thin depth of field. No movement at all. The audience does not yet know what it is looking at.","Three dry ratchet clicks, close and intimate. Distant wind under. No music.",none,First appearance of the key and back plate. The fourth-turn slip is the film's inciting incident and must read clearly at any size.,Cut to the chest drum.
SC01_SH002,SC01,00:05.500,00:09.000,3.5,133,216,84,,92,macro,100mm macro,WICK (part),"Macro on the glass chest drum. Inside, the coil tightens - then a single spring tooth shears off, pings against the glass and falls out of frame. The needle swings upward, hesitates, sags, and settles on 92.","coil under load, one tooth lost",chest drum filling frame,"spring: one tooth sheared, permanently degraded. Gauge: settles at 92.",Macro with a very slight push-in. The number 92 must be legible and centred.,"A bright metallic ping on the shear, then a low sub thud as the needle settles. Silence under.",none,"92 is established here at 00:08, inside the eight-second hook deadline. This exact needle position is the reference for every later gauge shot.",Cut to a held static on the gauge.
SC01_SH003,SC01,00:09.000,00:14.000,5.0,217,336,120,92,92,macro,100mm macro,WICK (part),"Hold on the gauge. 92. The needle trembles once and is still. Out of focus, warm amber lamp light drifts across the glass.","still, wound but damaged","chest drum, static","gauge: 92, steady",Static macro. The only true stillness in the opening - it lets the number land.,Wind. Distant water. Nothing else. The silence is the point.,none,"The amber defocus is the harbour lamp, established before we see it. Do not identify the source yet.",Pull back.
SC01_SH004,SC01,00:14.000,00:22.000,8.0,337,528,192,92,92,extreme wide,24mm,WICK,"Slow pull back and up. The frame opens out to reveal WICK - forty centimetres of aged brass - alone on a barnacled stone quay. Behind her, a drowned harbour town. One lamp still burns on a post. Dusk.","powered, upright, unaware she is being watched","centre of the quay, small in a wide frame",gauge: 92. Lamp-pole lying on the stone beside her.,"Slow crane back and up, macro to wide. This is the reveal; the move must be unhurried and continuous so the scale change reads as a single thought.","Harbour ambience swells in as we widen: water, wind through iron, no birds.",none,First full view of WICK and of the world. The single burning lamp must be in frame and clearly the only light source.,Cut to her eye height.
SC01_SH005,SC01,00:22.000,00:27.000,5.0,529,648,120,92,92,close-up,50mm,WICK,"WICK's shutter eyes open - the apertures irising up from black. She looks down at her own chest gauge, and holds on what it says.","alert, assessing","centre of the quay, three-quarter to camera","gauge: 92. Key still seated in her back, now useless.","Low, at her eye height, with a slight handheld micro-drift. The aperture opening is the whole event of the shot.","Her clock motif, first statement: three thin notes on a single instrument. Wind.",none,The shutter-eye open is her first expression and sets the vocabulary for the whole film. Aperture range established here is reused for every later emotional beat.,Cut to her point of view.
SC01_SH006,SC01,00:27.000,00:32.000,5.0,649,768,120,92,92,POV wide,35mm,,"Her point of view: the dark, unlit beacon tower on the horizon across black water. Hold. She does not move.","assessing, unresolved",off-frame; this is what she is looking at,"tower: dark, beacon cold. Water between.","Her POV, slightly wide, static. Deliberately unglamorous - the tower must read as far away and unlit.",Wind. The clock motif does not resolve; it simply stops.,none,"First view of the tower from her perspective. Bearing and water line must match SC02_SH004, which shoots it from the opposite side.",Hard cut to the pillar.
SC02_SH001,SC02,00:32.000,00:38.500,6.5,769,924,156,92,92,medium low,35mm,WICK,"WICK at the winding pillar, a brass column at the centre of the plaza. She backs up to it and raises herself onto the socket - a practised, habitual, daily motion.","routine, unthinking","at the base of the pillar, back to the socket",pillar: intact but about to be shown stripped. Key: in her back.,Medium low. The pillar looms above her. Composition puts her small against the thing that normally sustains her.,Her joints. The small click of alignment as she seats herself.,none,"The pillar is the same asset seen in the SC01 wide. Her approach must read as habitual, not exploratory.",Cut to macro on the socket.
SC02_SH002,SC02,00:38.500,00:43.000,4.5,925,1032,108,92,92,macro / insert,100mm macro,WICK (part),"Macro on the socket: stripped, the teeth worn away. The key enters and spins free with no bite. She withdraws and tries again. And again.",confusion shading into alarm,at the pillar,"socket: stripped, unusable for the rest of the film. Key: still in her back, now the only key there is.","Macro on the socket, then a fast cut-in on her shutter apertures closing - her one available expression of alarm.","Three hollow spins with no ratchet underneath. On the third, absolute silence.",none,The stripped socket is permanent. No later scene may imply the pillar can be repaired.,Cut wide to the horizon.
SC02_SH003,SC02,00:43.000,00:49.000,6.0,1033,1176,144,92,92,extreme wide,200mm,THE RETURNING SHIP,"Wide over the harbour to the horizon. A single amber running light, low on the water, moving toward the reef line.",off-frame; this is what she is looking at,n/a,"ship: distant, one running light, closing on the reef","Long lens, 200mm equivalent. The light is tiny in frame and the reef line is a darker band below it. Hold.","Wind. A distant bell buoy, slow and irregular. First statement of the ship's motif: two descending notes.",none,The ship is never seen closer than this until SC09. Reef line position must match SC09_SH002 exactly.,Cut to reverse.
SC02_SH004,SC02,00:49.000,00:55.000,6.0,1177,1320,144,92,92,wide,18mm,,"Reverse, from the waterline: the beacon tower, black against a bruised sky, unlit.",off-frame,n/a,"tower: dark, beacon cold","Wide angle from the waterline, the tower leaning away from us. Its height should feel slightly wrong, slightly unclimbable.",Wind rising. Iron groaning under load.,none,This is the first view of the tower's full height. The plating and handholds seen here are the same ones climbed in SC07.,Cut back to her.
SC02_SH005,SC02,00:55.000,01:00.000,5.0,1321,1440,120,92,92,close-up,85mm,WICK,Close on WICK's chest. The gauge reads 92. The dark tower is reflected in her shutter lenses.,calculating,"at the pillar, turned toward the tower","gauge: 92, unmoved","Close, with the gauge filling the lower third. The tower reflection in her lenses does the eyeline work.","Her clock motif, second statement - noticeably faster than the first.",none,The three-point eyeline is ship / tower / own chest. This shot is the third point and must contain the tower reflection to complete it.,Cut to the pole.
SC02_SH006,SC02,01:00.000,01:05.000,5.0,1441,1560,120,92,92,medium,40mm,WICK,"She reaches down and lifts the lamp-pole from the stone. It is taller than she is. She sets it against her shoulder, takes one step toward the tower.",decided,"leaving the pillar, moving frame left","lamp-pole: picked up, carried on her shoulder","Low profile, static. She walks out of frame left. Cut on the footfall, not after it.",The pole scraping stone. One footfall. Then the score's first forward motion underneath.,none,The pole leaves with her here and is not lost until SC05_SH003. Its length relative to her body must stay consistent.,Cut on the footfall.
SC03_SH001,SC03,01:05.000,01:11.000,6.0,1561,1704,144,92,88,tracking medium,40mm,WICK,"Lateral tracking. WICK crosses the plaza. With every stride the gauge ticks down: 92, 90, 88.","walking, purposeful","traversing the quay, frame right to left",gauge: 92 to 88. Lamp-pole on her shoulder.,"Lateral dolly at her height, holding the gauge in frame throughout. This shot teaches the audience to watch the gauge.",Ratchet ticks locked to her footfalls. This is the film's central sound idea and it starts here.,none,The tick-to-footfall sync must be exact - it is the grammar the rest of the film relies on. Gauge decrements in even steps.,Cut to gauge insert.
SC03_SH002,SC03,01:11.000,01:16.000,5.0,1705,1824,120,88,86,insert,100mm macro,WICK (part),"Insert on the gauge. 88 to 86. The needle moves in discrete, audible steps rather than smoothly.",walking (off-frame),n/a,gauge: 88 to 86,"Macro insert, dead static. Framed identically to SC01_SH003 so the audience reads it as the same instrument.","Two ticks, loud and dry, with nothing under them.",none,"Gauge insert framing is now locked: same lens, same angle, same lighting key for every insert in the film.",Cut wide.
SC03_SH003,SC03,01:16.000,01:23.000,7.0,1825,1992,168,86,85,extreme wide,24mm,WICK,"Wide. The drowned harbour in full: barnacled arches, kelp swaying in the shallows, rooftops under black water. Beautiful, and completely empty.","walking, small in the frame","lower third, moving away from camera",gauge: 86 to 85 (not visible),"High crane, slow push. The only genuinely calm image in the film - the camera must not hurry.","The music opens out: strings, warm, the only major-key passage in the film.",none,This is the beauty pass. It exists so the audience has something to lose. Kelp and water motion must be gentle here and violent from SC05.,Cut to the lamp posts.
SC03_SH004,SC03,01:23.000,01:28.000,5.0,1993,2112,120,85,84,tracking medium,40mm,WICK,"She passes a row of harbour lamp posts, all dead. She does not stop. Behind her, the one lamp that still burns.","walking, eyes forward","moving through the row, frame left",gauge: 85 to 84. Dead lamps; one burning lamp behind.,"Medium tracking, the foreground poles strobing past and repeatedly breaking the frame.",The clock motif continues under the strings. Wind.,none,The dead lamps foreshadow what the beacon will fix. The one burning lamp is the source of the spark she takes in SC05.,Cut to the water's edge.
SC03_SH005,SC03,01:28.000,01:32.000,4.0,2113,2208,96,84,84,over-shoulder,35mm,WICK,"Gauge reads 84. She reaches the edge of the plaza. Beyond it, the street is black water.","stopping, assessing","at the quay edge, back to camera","gauge: 84, steady",Over her shoulder into the flooded street. Hold on the water.,Music cuts out entirely. Water lapping at stone.,none,84 is the handoff value into SC04. The street water level established here must match SC04_SH001.,Hard cut.
SC04_SH001,SC04,01:32.000,01:37.000,5.0,2209,2328,120,84,84,wide low,24mm,WICK,"Wide, low. The flooded lane. For a forty-centimetre machine this is a flood. She stops at the edge.",hesitant,"at the lane edge, frame right",gauge: 84. Lamp-pole still carried.,"Low wide with water filling the lower half of frame, so her scale against the water reads immediately.",Water. Wind funnelling between buildings.,none,"Water level must match SC03_SH005. This is the same lane, seen from the other side.",Cut to the stall.
SC04_SH002,SC04,01:37.000,01:42.500,5.5,2329,2460,132,84,80,medium,50mm,WICK,"She climbs a submerged market stall. Grip, haul, grip. Water sheets off her. Gauge 84 to 80.",working hard,"on the stall, rising out of the water","gauge: 84 to 80. Stall: submerged, used as a step.","Handheld feel at her height, tight. Slight instability to match the effort.",Metal straining. Water sheeting off brass. The footfall ticks continue but are now irregular.,none,First irregular tick. From here the rhythm degrades progressively and never fully recovers.,Cut to the railing.
SC04_SH003,SC04,01:42.500,01:47.000,4.5,2461,2568,108,80,77,profile medium,50mm,WICK,"Railing traverse, hand over hand. Rain begins - sparse first drops on the water. Gauge 80 to 77.",committed,"along the railing, moving frame left","gauge: 80 to 77. Railing: wet, slick.","Profile, the railing running as a hard horizontal line across frame with her above it.","Rhythmic clicks. The first raindrops - distinct, countable.",none,Rain starts here and never stops until SC09. First drops must be individually audible.,Cut to the fall.
SC04_SH004,SC04,01:47.000,01:53.000,6.0,2569,2712,144,77,75,underwater,35mm,WICK,"THE DROP. Her grip fails and she goes under. Bubbles. The gauge flickers, the needle stuttering. The surface becomes a bright ceiling above her.","failing, briefly out of control","underwater, below the railing","gauge: 77 to 75, flickering. Lamp-pole: still gripped, nearly lost.","The camera goes under with her. Invert the reference: the surface is up and bright, the town is a dark ceiling of shapes.",Everything muffles. A dull sub. Her clock motif distorted and slowing.,none,The muffled sound world is used only here and in SH005. The needle flicker is the first sign the water has done real damage.,Cut to low angle.
SC04_SH005,SC04,01:53.000,01:58.000,5.0,2713,2832,120,75,75,low underwater,35mm,WICK,"Underwater, looking up. Her shutter eyes glow amber in the murk. She plants her feet on the lane floor and pushes.","recovering, angry","on the lane floor, pushing up","gauge: 75, dimmed by water","Low, looking up at her rising. She should break frame at the top.",Muffled. Then the first audible catch of her spring - a small bright note under the murk.,none,"The amber eye glow underwater is a signature image; keep the aperture half-closed so it reads as effort, not calm.",Cut to the surface break.
SC04_SH006,SC04,01:58.000,02:02.000,4.0,2833,2928,96,75,71,tight medium,50mm,WICK,"She breaks the surface and hauls herself onto a wall coping, sparking. Steam comes off her brass. Gauge 75 to 71.","shaken, wet, running hot","on the coping, above the water line","gauge: 75 to 71. Body: wet, sparking at the shoulder joint.","Low and tight, water streaming down the lens. Deliberately imperfect.","The surface break, loud. Rain now steady and continuous.",none,"The shoulder joint sparks here and again in SC07_SH004. Same joint, so the damage is continuous, not incidental.",Hard cut to the gantry.
SC05_SH001,SC05,02:02.000,02:07.000,5.0,2929,3048,120,71,71,wide,28mm,WICK,"Wide. The gantry walkway spans the lane, rusted and swaying in the rising wind. She steps onto it.",wary,"at the gantry entrance, frame right",gauge: 71. Lamp-pole: carried. Gantry: swaying.,"Wide, the gantry running as a diagonal across frame with the tower visible at its far end.",Wind up sharply. Iron creaking under load.,none,The tower must be visible at the gantry's far end so the destination stays present during the obstacle.,Cut to midway.
SC05_SH002,SC05,02:07.000,02:12.500,5.5,3049,3180,132,71,68,medium low,35mm,WICK,Midway. A gust hits. She braces with the pole held horizontal. Gauge 71 to 68.,"braced, strained","mid-gantry, low and wide","gauge: 71 to 68. Pole: horizontal, used as a brace.","Low, wind from camera-right, rain now horizontal and streaking the lens.","The gust as a solid wall of sound, not a whoosh.",none,Wind direction is camera-right for the whole scene. The pole is horizontal here and leaves her hand in the next shot.,Cut to the pole.
SC05_SH003,SC05,02:12.500,02:17.000,4.5,3181,3288,108,68,66,"medium, then hold on water",50mm,WICK; lamp-pole,"THE POLE GOES. A second gust takes the lamp-pole out of her grip. It spins away, strikes the water and is gone.","startled, off-balance","mid-gantry, reaching for nothing",gauge: 68 to 66. Lamp-pole: LOST to the water. She is now empty-handed.,"Follow the pole out of frame, then hold on the empty water where it went. Do not cut back to her immediately.","The pole clattering on iron, one splash, then nothing. A hole opens in the sound.",none,"CRITICAL CONTINUITY: the pole is gone from here until SC07_SH005, where it is found wedged in the tower ironwork. It must not appear in SC05_SH004 through SC07_SH004.",Cut back to her.
SC05_SH004,SC05,02:17.000,02:23.000,6.0,3289,3432,144,66,66,close-up,85mm,WICK,She stands without it. Looks at her empty hand. Looks at the tower. Decides. The wind drops for one beat.,"grieving, then resolving","mid-gantry, still","gauge: 66, unmoved. Hands: empty.","Close, static. Let the whole decision play without a cut - this is the scene's only stillness.",The wind drops for exactly one beat. The only quiet in the storm.,none,No gauge cost here. The stillness is the point; the audience must be allowed to register the loss.,Cut to the chest.
SC05_SH005,SC05,02:23.000,02:29.000,6.0,3433,3576,144,66,64,macro,100mm macro,WICK (part); the spark,"She opens her chest drum. Inside: a live spark, taken from the last burning harbour lamp. She closes the glass against the rain.","protective, deliberate","mid-gantry, hunched over her own chest","gauge: 66 to 64. THE SPARK: introduced, now inside her chest drum behind glass.",Macro. THE SIGNATURE IMAGE: an amber spark glowing inside the glass drum while rain streaks the glass outside it.,"The glass sealing. A small warm hum begins - the spark's own tone, which persists until SC08_SH003.",none,The spark is now a permanent element of every shot until SC08. Its hum is the film's second leitmotif.,Cut to movement.
SC05_SH006,SC05,02:29.000,02:34.000,5.0,3577,3696,120,64,60,tracking medium,40mm,WICK; the spark,"She moves on, one arm now curled across her chest to shield the glass. The spark is drawing power as she walks. Gauge 64 to 60.",burdened,along the gantry toward the tower,"gauge: 64 to 60. Spark: alive, draining her. Chest: shielded by her arm.","Tracking, with the spark glow the brightest element in frame and everything else falling away from it.","The spark hum plus a new, slower tick layered over the footfall ticks - the drain is audible.",none,From here she carries the pole-less silhouette: one arm across the chest. This posture is held until SC08.,Cut to gauge insert.
SC05_SH007,SC05,02:34.000,02:38.000,4.0,3697,3792,96,60,58,insert with rack focus,100mm macro,WICK (part),Gauge insert: 60 to 58. Rack focus past the needle to the tower door ahead through the rain.,walking (off-frame),n/a,"gauge: 60 to 58. Tower door: visible ahead, shut.","Macro on the gauge, then a rack focus to the door. One move, no cut.",Rain. The spark hum continues.,none,The rack focus hands SC06 its first image. Door position and water level must match SC06_SH001.,Cut on the rack.
SC06_SH001,SC06,02:38.000,02:43.000,5.0,3793,3912,120,58,58,wide low,24mm,WICK,"The tower door: iron, swollen, barnacled. She stands at its foot. She is very small against it.",daunted,"at the foot of the door, frame centre low","gauge: 58. Door: shut, swollen.","Low wide, the door filling the frame above her. Compress her against the bottom edge.",Rain on iron. The tower itself humming in the wind.,none,Same door seen in the SC05_SH007 rack focus. Barnacle pattern and water line must match.,Cut to the effort.
SC06_SH002,SC06,02:43.000,02:50.000,7.0,3913,4080,168,58,40,tight medium to insert,50mm,WICK,She levers it. Shoulder against the plate. It gives an inch. She resets and pushes again. It swings. Gauge falls fast: 58 to 49 to 40.,at maximum effort,"at the door, braced against it",gauge: 58 to 40. Door: forced open. This is the single most expensive action in the film.,"Tight on the effort, then a whip to the gauge as the needle drops. The whip is the only fast camera move in the film.",Iron shrieking. Her spring straining - a sound not used anywhere else.,none,"Eighteen turns, the largest single cost. The needle must be seen crossing 49 on the way down so the arithmetic is legible.",Cut to the gauge.
SC06_SH003,SC06,02:50.000,02:55.000,5.0,4081,4200,120,40,40,insert,100mm macro,WICK (part),Gauge insert. The needle crosses into the RED ARC of the dial. Hold.,off-frame,n/a,"gauge: 40, needle inside the red arc for the first time","Macro, dead still. Identical framing to every other gauge insert.",Everything drops out except the tiny friction of the needle. The quietest moment in the film.,none,"The red arc is introduced HERE and not at the climax, so the colour can do the worrying for us afterwards.",Cut to the interior.
SC06_SH004,SC06,02:55.000,03:01.000,6.0,4201,4344,144,40,35,interior tilt-up,18mm,WICK; the spark,"Interior. She steps in. A spiral stair rises into darkness, lit only by her own amber glow. Water runs down the inside of the wall.","relieved to be out of the wind, then apprehensive","entering, at the foot of the stair","gauge: 40 to 35. Spark: still glowing in her chest, now the only light source.","She enters; the camera tilts up the stair, and keeps tilting, and keeps tilting. The tower's height in one continuous move.",Her footsteps echo. Reverb opens up hard the moment she crosses the threshold.,none,Her chest glow is the only light in the tower interior from here to SC08. The reverb change marks the interior/exterior boundary.,Cut to the top of the stair.
SC06_SH005,SC06,03:01.000,03:06.000,5.0,4345,4464,120,35,31,POV then reverse,35mm,WICK,"The stair ends. A gap. Broken iron hanging. Beyond it, the wall - and through a breach, the storm outside. Gauge 35 to 31.","stopping, understanding",at the broken edge of the stair,"gauge: 35 to 31. Stair: collapsed, unusable. Breach: open to the exterior.","Her point of view across the gap first, then back to her. Two angles, no movement.",Wind coming through the breach. The reverb narrows.,none,The gap is why she must go outside. The breach framing here must match SC07_SH001 so the exit is legible.,Cut to the exterior.
SC07_SH001,SC07,03:06.000,03:11.500,5.5,4465,4596,132,31,28,extreme wide,24mm,WICK,She goes out through the breach onto the riveted plating. The gale hits her flat. She presses herself against the iron. Gauge 31 to 28.,"exposed, overwhelmed","on the exterior plating, flattened against the tower",gauge: 31 to 28. No pole. Spark glowing through the rain.,"Exterior wide. The tower as a vertical line, the sea white far below. She is a speck on it.",The gale at full volume. Rain horizontal.,none,First exterior since SC02_SH004. Plating and rivet pattern must match that establishing shot exactly.,Cut to the collapse.
SC07_SH002,SC07,03:11.500,03:17.000,5.5,4597,4728,132,28,25,follow then hold,50mm,WICK,The remaining section of stair tears away from the tower and falls. She watches it go. Gauge 28 to 25.,watching the last easy option leave,"on the plating, looking down",gauge: 28 to 25. Stair: gone entirely. There is now no way back down.,"Follow the iron down and out of frame, then hold on empty air where it was.","The crash, delayed and far below. Then wind.",none,The stair is destroyed. No later shot may show intact stair. This is the point of no return.,Cut to the climb.
SC07_SH003,SC07,03:17.000,03:25.000,8.0,4729,4920,192,25,22,rising track,35mm,WICK,The climb. Hand over hand on rivets. Rain. The horizon tilts as she gains height. Gauge 25 to 22.,"working, rhythm still holding","ascending the plating, frame rising",gauge: 25 to 22. Hands: on rivets.,A slow rising track matching her ascent. The horizon progressively tilts off-level so the height is felt rather than shown.,"Grab, strain, grab. Her gait rhythm now audibly irregular - the pattern established in SC04_SH002 continues to degrade.",none,"Longest single shot in the film at 8 seconds, placed at the point of maximum investment. The tilted horizon must be consistent through SH008.",Cut to the grip loss.
SC07_SH004,SC07,03:25.000,03:31.000,6.0,4921,5064,144,22,20,long lens down,135mm,WICK,GRIP LOSS. A gust peels her off the iron. She swings on one arm over the drop. Gauge 22 to 20.,in real danger,hanging by one arm off the plating,"gauge: 22 to 20. Shoulder joint: the same one that sparked in SC04_SH006, now failing.",Reveal the drop with a long lens straight down to the water. Let the height land.,One long metallic scream from the shoulder joint. Music out entirely.,none,"Same shoulder joint as SC04_SH006. The damage is cumulative and must be animated as a weakness, not a new injury.",Cut to her free hand.
SC07_SH005,SC07,03:31.000,03:36.000,5.0,5065,5184,120,20,20,insert,85mm,WICK; lamp-pole,"Her free hand closes on something: the lamp-pole, wedged in the ironwork. It came up the tower with the storm.",astonished,"hanging, one arm reaching","gauge: 20, unmoved. Lamp-pole: RECOVERED, wedged in the ironwork.","Insert on the pole first, then her hand closing on it. Two frames of information, no exposition.","A single bright note. The score returns, one instrument only.",none,"CRITICAL CONTINUITY: this is the pole lost in SC05_SH003. Its position wedged in the ironwork must be plausible - it was blown against the tower, not placed.",Cut to the haul.
SC07_SH006,SC07,03:36.000,03:41.000,5.0,5185,5304,120,20,14,tight medium,50mm,WICK; lamp-pole,She uses the pole as a brace and hauls herself back onto the iron. Gauge 20 to 14.,"recovered, spent","back on the plating, braced on the pole",gauge: 20 to 14. Lamp-pole: now a climbing brace.,"Tight on the effort, with the gauge deliberately kept in the corner of frame so the cost is visible during the win.",The strain. Her clock motif stuttering - now audibly skipping a note.,none,The skipped note in the motif is the audio signature of a weakening spring and worsens through SH008.,Cut to the last stretch.
SC07_SH007,SC07,03:41.000,03:45.000,4.0,5305,5400,96,14,9,abstract tight,85mm,WICK,The last stretch. Her limbs stutter. The gait breaks down entirely - she is dragging herself upward. Gauge 14 to 9.,failing,"high on the plating, dragging","gauge: 14 to 9. Motion: degraded, no longer a rhythm.","Very tight, almost abstract: brass, rivets, rain. The world reduces to the next handhold.",The mechanism audibly failing. Metal fatigue. The clock motif has stopped being a melody.,none,The animation degradation is the storytelling here. Do not cover it with cutting - hold on the broken motion.,Cut to the rail.
SC07_SH008,SC07,03:45.000,03:48.000,3.0,5401,5472,72,9,6,"medium, held",35mm,WICK; lamp-pole,"She reaches the gallery rail and pulls herself over, collapsing into the lee. Gauge 9 to 6. The burner chamber door is ahead.","collapsed, barely functional","over the rail, on the gallery floor","gauge: 9 to 6, needle deep in the red arc. Lamp-pole: still in hand.",She collapses into frame and we hold. Let her be still for a beat before cutting.,The gale drops sharply as she gets into the lee of the gallery.,none,"Six turns remain entering SC08. The red arc is fully engaged; it must read clearly even in this low, wet framing.",Cut to the chamber.
SC08_SH001,SC08,03:48.000,03:53.000,5.0,5473,5592,120,6,6,wide,18mm,WICK; the spark,"Interior, the burner chamber. Cold, enormous brass. Her glow is the only light in it. She is tiny.","awed, exhausted","on the chamber floor, at the foot of the burner",gauge: 6. Spark: still glowing inside her chest.,Wide. She is very small in a very large space. Do not move the camera.,The storm reduced to a murmur outside. Water dripping.,none,Scale contrast is the whole point of this shot. Her glow must be the only light source in frame.,Cut to the ascent.
SC08_SH002,SC08,03:53.000,03:58.500,5.5,5593,5724,132,6,3,close,85mm,WICK; the spark,"She climbs the last few rungs to the burner, opens her chest and lifts the spark out. Gauge 6 to 3.","careful, hopeful","at the burner, chest open","gauge: 6 to 3. Spark: REMOVED from her chest, now held in her hand. Chest: empty and dark for the first time since SC05.","Close, following her hands. Unhurried.","The spark's hum, now exposed and fragile without the glass around it.",none,The chest goes dark here. Every shot from SC05_SH005 has had the glow; its absence is a deliberate visual loss.,Cut to the attempt.
SC08_SH003,SC08,03:58.500,04:03.000,4.5,5725,5832,108,3,3,tight,100mm macro,WICK; the spark,She offers the spark to the burner. Nothing catches. She repositions and tries again. Nothing.,"confused, then afraid","at the burner, reaching up",gauge: 3. Spark: alive but finding nothing to light.,Tight on the spark and the cold brass. The gap between them is the subject of the shot.,"The hum, then silence. No catch. No click. Nothing.",none,"Two failed attempts, not one - the second is what tells the audience this is not a technique problem.",Cut to the reveal.
SC08_SH004,SC08,04:03.000,04:08.000,5.0,5833,5952,120,3,3,static insert,100mm macro,,"THE REVEAL. A static shot of the burner's heart: no wick, no oil, no flint. A socket. Cold brass. The exact diameter of a mainspring.",off-frame,n/a,THE SOCKET: revealed. Nothing else in the burner can accept the spark.,Locked off. No camera movement whatsoever. No music. The frame does not help the audience.,Absolute silence. One water drop.,none,The single most important shot in the film. The socket diameter must visibly match the coil in her chest - match it in design at T03.,Cut to her.
SC08_SH005,SC08,04:08.000,04:13.000,5.0,5953,6072,120,3,3,close-up,100mm,WICK,"On WICK. She looks at the socket. She looks at her own empty chest. A long beat - the whole decision, played without a cut.","understanding, then at peace","at the burner, motionless",gauge: 3. Chest: open and empty.,"Close on her shutter eyes. The aperture closes, then opens. That is the entire performance.","Her clock motif, stated once, complete, on a single instrument. The only complete statement in the film.",none,The complete motif here is the payoff for the fragmented statements since SC01. Do not add strings under it.,Cut to the act.
SC08_SH006,SC08,04:13.000,04:19.000,6.0,6073,6216,144,3,0,macro,100mm macro,WICK; mainspring; the socket,"She unspools her own mainspring and threads it into the socket. The gauge falls: 3, 2, 1. Then the ratchet engages.","spending herself, deliberate","at the socket, both hands working","gauge: 3 to 1. Mainspring: REMOVED from her body, installed in the burner. Ignition costs the final turn: 1 to 0.","Macro, unhurried. This is not an action beat and must not be cut like one.","The spring unspooling - a long, thin, singing sound. Then the ratchet engaging. Then her mechanism winding down to nothing.",none,"The spring is now part of the tower. She cannot be rewound by re-installing it; the ending's single turn is a new beginning, not a restoration.",Cut to ignition.
SC08_SH007,SC08,04:19.000,04:22.000,3.0,6217,6288,72,0,0,silhouette to bloom,50mm,WICK; the beacon,Her shutter eyes go dark. A beat of black. Then - IGNITION. The beacon floods the frame until it is white-gold.,"gone dark, at rest","at the foot of the burner, silhouetted",gauge: 0. Beacon: LIT. Spark: consumed.,Hold on her dark silhouette as the light blooms behind her. The frame goes to white-gold without a cut.,"One beat of absolute silence. Then the ignition: a huge, warm, low bloom. The score in full, for the first and only time.",none,The only full-orchestration moment in the film. Her silhouette must stay readable inside the bloom.,Cut to the exterior beam.
SC09_SH001,SC09,04:22.000,04:30.000,8.0,6289,6480,192,0,0,"extreme wide, held",35mm,,Exterior. The beam sweeps out across black water. Rain turns to light inside the shaft.,not present,n/a,"beacon: lit, rotating. Beam sweeping.",Locked wide. The deliberate long hold - the film's longest unbroken static shot.,"The beacon's slow rotation. The sea. Score sustained, no melody.",none,The eight-second hold is protected. Do not cut into it for coverage. Beam rotation rate must match SH003.,Cut to the ship.
SC09_SH002,SC09,04:30.000,04:36.000,6.0,6481,6624,144,0,0,extreme long lens,300mm,THE RETURNING SHIP,Far out: the running light. It pauses. Then it turns - toward harbour. The reef line slides past behind it.,not present,n/a,"ship: turned toward harbour, reef cleared. Reef line: same position as SC02_SH003.","Very long lens, the ship tiny in frame. Held. The turn must be small and easy to miss on first viewing.","The bell buoy, now in rhythm with the beacon. The ship's two-note motif, resolved upward for the first time.",none,Reef line and ship bearing must match SC02_SH003 so the audience can read that she turned away from danger.,Cut to dawn.
SC09_SH003,SC09,04:36.000,04:42.000,6.0,6625,6768,144,0,0,wide to slow push,35mm,WICK,"Dawn comes up grey-gold over the water. The beacon dims as the dark goes. Then: the chamber, dark again, and WICK's silhouette at the foot of the burner.",present only as a silhouette at the end of the move,"at the foot of the burner, motionless","gauge: 0. Beacon: spent, dimming with the dawn.","Wide as the light dies, then a slow push toward her silhouette. One continuous move across the cut in mood.",The beacon winding down. The score thinning to nothing. Dawn birds - the first living sound in the film.,none,"The beacon dims because the dark is gone, not because it failed. Birds are the only organic sound in the film and start here.",Cut to dawn interior.
SC10_SH001,SC10,04:42.000,04:46.500,4.5,6769,6876,108,0,0,"medium, held",50mm,WICK; lamp-pole,"Dawn light in the chamber. WICK's shell, slumped at the foot of the burner, still holding the pole. Gauge: 0.",inert,"at the foot of the burner, slumped","gauge: 0. Lamp-pole: still in her hand. Chest: open, empty, dark.","Low, static. Held long enough to be uncomfortable. Do not soften this.",Water dripping. Nothing else.,none,"Her pose must match the end of SC09_SH003 exactly - this is the same moment, closer.",Cut to the doorway.
SC10_SH002,SC10,04:46.500,04:51.000,4.5,6877,6984,108,0,0,wide interior,35mm,WICK; THE CHILD,"Footsteps. A child enters, backlit in the doorway - oversized coat, bare feet, small. Sees her.",inert,"unchanged, at the foot of the burner",gauge: 0. Child: entering.,"From inside the chamber, so the child is a silhouette in the doorway. Her face is never resolved.",Bare feet on wet iron.,none,The child is the only human in the film and is never in readable close-up. Backlight and rim light only.,Cut to the hands.
SC10_SH003,SC10,04:51.000,04:55.500,4.5,6985,7092,108,0,0,close,85mm,WICK; THE CHILD; the key,The child kneels. Takes the key from WICK's back. Hesitates.,inert,unchanged,"KEY: removed from WICK's back, now in the child's hand. Same key as SC01_SH001.",Close on the child's hands and the key. Her face stays out of focus or out of frame.,The key lifting out of the back plate - the same small metal sound as the opening.,none,Same key asset as SC01_SH001. The hesitation is the emotional beat; give it room.,Cut to macro.
SC10_SH004,SC10,04:55.500,04:59.000,3.5,7093,7176,84,0,0,extreme macro,100mm macro,WICK (part); the key,MACRO - mirroring SC01_SH001 exactly. The key turns. One turn. The ratchet catches.,"inert, about to change",unchanged,"key: turning, one turn only. Ratchet: catching.","IDENTICAL framing, lens and camera height to SC01_SH001, warmed from dusk to dawn. This is the loop.","ONE click. Clean, loud in the silence.",none,"LOOP SHOT: must match SC01_SH001 frame for frame in composition, differing only in colour temperature. One turn, not four.",Cut to the chest.
SC10_SH005,SC10,04:59.000,05:02.000,3.0,7177,7248,72,0,1,macro to black,100mm macro,WICK (part); chest gauge,"Macro on the chest drum. Inside, the coil catches. The shutter eyes flicker open. The needle lifts off zero. Cut to black on the second click.",restarting,unchanged,"gauge: 0 to 1. Coil: caught. Eyes: open. One turn, a beginning rather than a restoration.","Macro, then hard cut to black. No fade.",The coil catching. The shutter aperture opening. One final click over black.,none,"FINAL SHOT. Ends on the same click the film opened on, so the film loops. The needle lifts off zero and no further.",Hard cut to black.
